companyName, stockName, high,low, open, close, volume, date
Sodexo, SW, 45.45000076293945, 45.45000076293945, 45.45000076293945, 45.45000076293945, 255.0, 2014-12-23
Sodexo, SW, 45.45000076293945, 45.45000076293945, 45.45000076293945, 45.45000076293945, 0.0, 2014-12-24
Sodexo, SW, 45.45000076293945, 45.45000076293945, 45.45000076293945, 45.45000076293945, 0.0, 2014-12-26
Sodexo, SW, 45.45000076293945, 45.45000076293945, 45.45000076293945, 45.45000076293945, 0.0, 2014-12-29
Sodexo, SW, 45.45000076293945, 45.45000076293945, 45.45000076293945, 45.45000076293945, 0.0, 2014-12-30
Sodexo, SW, 45.45000076293945, 45.45000076293945, 45.45000076293945, 45.45000076293945, 0.0, 2014-12-31
Sodexo, SW, 45.45000076293945, 45.45000076293945, 45.45000076293945, 45.45000076293945, 0.0, 2015-01-02
Sodexo, SW, 49.349998474121094, 49.349998474121094, 49.349998474121094, 49.349998474121094, 110.0, 2015-01-05
Sodexo, SW, 49.349998474121094, 49.349998474121094, 49.349998474121094, 49.349998474121094, 0.0, 2015-01-06
Sodexo, SW, 49.349998474121094, 49.349998474121094, 49.349998474121094, 49.349998474121094, 0.0, 2015-01-07
Sodexo, SW, 49.349998474121094, 49.349998474121094, 49.349998474121094, 49.349998474121094, 0.0, 2015-01-08
Sodexo, SW, 49.349998474121094, 49.349998474121094, 49.349998474121094, 49.349998474121094, 0.0, 2015-01-09
Sodexo, SW, 49.349998474121094, 49.349998474121094, 49.349998474121094, 49.349998474121094, 0.0, 2015-01-12
Sodexo, SW, 49.349998474121094, 49.349998474121094, 49.349998474121094, 49.349998474121094, 0.0, 2015-01-13
Sodexo, SW, 49.349998474121094, 49.349998474121094, 49.349998474121094, 49.349998474121094, 0.0, 2015-01-14
Sodexo, SW, 49.349998474121094, 49.349998474121094, 49.349998474121094, 49.349998474121094, 0.0, 2015-01-15
Sodexo, SW, 49.349998474121094, 49.349998474121094, 49.349998474121094, 49.349998474121094, 0.0, 2015-01-16
Sodexo, SW, 49.349998474121094, 49.349998474121094, 49.349998474121094, 49.349998474121094, 0.0, 2015-01-20
Sodexo, SW, 49.349998474121094, 49.349998474121094, 49.349998474121094, 49.349998474121094, 0.0, 2015-01-21
Sodexo, SW, 49.349998474121094, 49.349998474121094, 49.349998474121094, 49.349998474121094, 0.0, 2015-01-22
Sodexo, SW, 49.349998474121094, 49.349998474121094, 49.349998474121094, 49.349998474121094, 0.0, 2015-01-23
Sodexo, SW, 49.349998474121094, 49.349998474121094, 49.349998474121094, 49.349998474121094, 0.0, 2015-01-26
Sodexo, SW, 49.349998474121094, 49.349998474121094, 49.349998474121094, 49.349998474121094, 0.0, 2015-01-27
Sodexo, SW, 49.349998474121094, 49.349998474121094, 49.349998474121094, 49.349998474121094, 0.0, 2015-01-28
Sodexo, SW, 49.349998474121094, 49.349998474121094, 49.349998474121094, 49.349998474121094, 0.0, 2015-01-29
Sodexo, SW, 49.349998474121094, 49.349998474121094, 49.349998474121094, 49.349998474121094, 0.0, 2015-01-30
Sodexo, SW, 49.349998474121094, 49.349998474121094, 49.349998474121094, 49.349998474121094, 0.0, 2015-02-02
Sodexo, SW, 35.0, 33.5, 35.0, 33.5, 315.0, 2015-02-03
Sodexo, SW, 33.5, 33.5, 33.5, 33.5, 0.0, 2015-02-04
Sodexo, SW, 33.5, 33.5, 33.5, 33.5, 0.0, 2015-02-05
Sodexo, SW, 33.5, 33.5, 33.5, 33.5, 0.0, 2015-02-06
Sodexo, SW, 31.040000915527344, 31.040000915527344, 31.040000915527344, 31.040000915527344, 150.0, 2015-02-09
Sodexo, SW, 31.040000915527344, 31.040000915527344, 31.040000915527344, 31.040000915527344, 0.0, 2015-02-10
Sodexo, SW, 31.040000915527344, 31.040000915527344, 31.040000915527344, 31.040000915527344, 0.0, 2015-02-11
Sodexo, SW, 31.040000915527344, 31.040000915527344, 31.040000915527344, 31.040000915527344, 0.0, 2015-02-12
Sodexo, SW, 31.040000915527344, 31.040000915527344, 31.040000915527344, 31.040000915527344, 0.0, 2015-02-13
Sodexo, SW, 31.040000915527344, 31.040000915527344, 31.040000915527344, 31.040000915527344, 0.0, 2015-02-17
Sodexo, SW, 31.040000915527344, 31.040000915527344, 31.040000915527344, 31.040000915527344, 0.0, 2015-02-18
Sodexo, SW, 31.040000915527344, 31.040000915527344, 31.040000915527344, 31.040000915527344, 0.0, 2015-02-19
Sodexo, SW, 31.040000915527344, 31.040000915527344, 31.040000915527344, 31.040000915527344, 0.0, 2015-02-20
Sodexo, SW, 31.040000915527344, 31.040000915527344, 31.040000915527344, 31.040000915527344, 0.0, 2015-02-23
Sodexo, SW, 31.040000915527344, 31.040000915527344, 31.040000915527344, 31.040000915527344, 0.0, 2015-02-24
Sodexo, SW, 31.040000915527344, 31.040000915527344, 31.040000915527344, 31.040000915527344, 0.0, 2015-02-25
Sodexo, SW, 31.040000915527344, 31.040000915527344, 31.040000915527344, 31.040000915527344, 0.0, 2015-02-26
Sodexo, SW, 31.040000915527344, 31.040000915527344, 31.040000915527344, 31.040000915527344, 0.0, 2015-02-27
Sodexo, SW, 31.040000915527344, 31.040000915527344, 31.040000915527344, 31.040000915527344, 0.0, 2015-03-02
Sodexo, SW, 31.040000915527344, 31.040000915527344, 31.040000915527344, 31.040000915527344, 0.0, 2015-03-03
Sodexo, SW, 31.040000915527344, 31.040000915527344, 31.040000915527344, 31.040000915527344, 0.0, 2015-03-04
Sodexo, SW, 31.040000915527344, 31.040000915527344, 31.040000915527344, 31.040000915527344, 0.0, 2015-03-05
Sodexo, SW, 31.040000915527344, 31.040000915527344, 31.040000915527344, 31.040000915527344, 0.0, 2015-03-06
Sodexo, SW, 31.040000915527344, 31.040000915527344, 31.040000915527344, 31.040000915527344, 0.0, 2015-03-09
Sodexo, SW, 31.040000915527344, 31.040000915527344, 31.040000915527344, 31.040000915527344, 0.0, 2015-03-10
Sodexo, SW, 31.040000915527344, 31.040000915527344, 31.040000915527344, 31.040000915527344, 0.0, 2015-03-11
Sodexo, SW, 31.040000915527344, 31.040000915527344, 31.040000915527344, 31.040000915527344, 0.0, 2015-03-12
Sodexo, SW, 31.040000915527344, 31.040000915527344, 31.040000915527344, 31.040000915527344, 0.0, 2015-03-13
Sodexo, SW, 31.040000915527344, 31.040000915527344, 31.040000915527344, 31.040000915527344, 0.0, 2015-03-16
Sodexo, SW, 31.040000915527344, 31.040000915527344, 31.040000915527344, 31.040000915527344, 0.0, 2015-03-17
Sodexo, SW, 31.040000915527344, 31.040000915527344, 31.040000915527344, 31.040000915527344, 0.0, 2015-03-18
Sodexo, SW, 31.040000915527344, 31.040000915527344, 31.040000915527344, 31.040000915527344, 0.0, 2015-03-19
Sodexo, SW, 31.040000915527344, 31.040000915527344, 31.040000915527344, 31.040000915527344, 0.0, 2015-03-20
Sodexo, SW, 31.040000915527344, 31.040000915527344, 31.040000915527344, 31.040000915527344, 0.0, 2015-03-23
Sodexo, SW, 31.040000915527344, 31.040000915527344, 31.040000915527344, 31.040000915527344, 0.0, 2015-03-24
Sodexo, SW, 31.040000915527344, 31.040000915527344, 31.040000915527344, 31.040000915527344, 0.0, 2015-03-25
Sodexo, SW, 30.200000762939453, 30.200000762939453, 30.200000762939453, 30.200000762939453, 110.0, 2015-03-26
Sodexo, SW, 30.200000762939453, 30.200000762939453, 30.200000762939453, 30.200000762939453, 0.0, 2015-03-27
Sodexo, SW, 30.200000762939453, 30.200000762939453, 30.200000762939453, 30.200000762939453, 0.0, 2015-03-30
Sodexo, SW, 30.200000762939453, 30.200000762939453, 30.200000762939453, 30.200000762939453, 0.0, 2015-03-31
Sodexo, SW, 30.200000762939453, 30.200000762939453, 30.200000762939453, 30.200000762939453, 0.0, 2015-04-01
Sodexo, SW, 30.200000762939453, 30.200000762939453, 30.200000762939453, 30.200000762939453, 0.0, 2015-04-02
Sodexo, SW, 30.200000762939453, 30.200000762939453, 30.200000762939453, 30.200000762939453, 0.0, 2015-04-06
Sodexo, SW, 30.200000762939453, 30.200000762939453, 30.200000762939453, 30.200000762939453, 0.0, 2015-04-07
Sodexo, SW, 30.200000762939453, 30.200000762939453, 30.200000762939453, 30.200000762939453, 0.0, 2015-04-08
Sodexo, SW, 30.200000762939453, 30.200000762939453, 30.200000762939453, 30.200000762939453, 0.0, 2015-04-09
Sodexo, SW, 30.200000762939453, 30.200000762939453, 30.200000762939453, 30.200000762939453, 0.0, 2015-04-10
Sodexo, SW, 30.200000762939453, 30.200000762939453, 30.200000762939453, 30.200000762939453, 0.0, 2015-04-13
Sodexo, SW, 30.200000762939453, 30.200000762939453, 30.200000762939453, 30.200000762939453, 0.0, 2015-04-15
Sodexo, SW, 30.200000762939453, 30.200000762939453, 30.200000762939453, 30.200000762939453, 0.0, 2015-04-16
Sodexo, SW, 30.200000762939453, 30.200000762939453, 30.200000762939453, 30.200000762939453, 0.0, 2015-04-17
Sodexo, SW, 30.200000762939453, 30.200000762939453, 30.200000762939453, 30.200000762939453, 0.0, 2015-04-20
Sodexo, SW, 30.200000762939453, 30.200000762939453, 30.200000762939453, 30.200000762939453, 0.0, 2015-04-21
Sodexo, SW, 30.200000762939453, 30.200000762939453, 30.200000762939453, 30.200000762939453, 0.0, 2015-04-22
Sodexo, SW, 30.200000762939453, 30.200000762939453, 30.200000762939453, 30.200000762939453, 0.0, 2015-04-24
Sodexo, SW, 30.200000762939453, 30.200000762939453, 30.200000762939453, 30.200000762939453, 0.0, 2015-04-27
Sodexo, SW, 30.200000762939453, 30.200000762939453, 30.200000762939453, 30.200000762939453, 0.0, 2015-04-28
Sodexo, SW, 30.200000762939453, 30.200000762939453, 30.200000762939453, 30.200000762939453, 0.0, 2015-04-30
Sodexo, SW, 30.200000762939453, 30.200000762939453, 30.200000762939453, 30.200000762939453, 0.0, 2015-05-01
Sodexo, SW, 30.200000762939453, 30.200000762939453, 30.200000762939453, 30.200000762939453, 0.0, 2015-05-04
Sodexo, SW, 30.200000762939453, 30.200000762939453, 30.200000762939453, 30.200000762939453, 0.0, 2015-05-05
Sodexo, SW, 30.200000762939453, 30.200000762939453, 30.200000762939453, 30.200000762939453, 0.0, 2015-05-06
Sodexo, SW, 30.200000762939453, 30.200000762939453, 30.200000762939453, 30.200000762939453, 0.0, 2015-05-08
Sodexo, SW, 31.799999237060547, 31.799999237060547, 31.799999237060547, 31.799999237060547, 500.0, 2015-05-11
Sodexo, SW, 31.799999237060547, 31.799999237060547, 31.799999237060547, 31.799999237060547, 0.0, 2015-05-13
Sodexo, SW, 31.799999237060547, 31.799999237060547, 31.799999237060547, 31.799999237060547, 0.0, 2015-05-14
Sodexo, SW, 31.799999237060547, 31.799999237060547, 31.799999237060547, 31.799999237060547, 0.0, 2015-05-15
Sodexo, SW, 31.799999237060547, 31.799999237060547, 31.799999237060547, 31.799999237060547, 0.0, 2015-05-20
Sodexo, SW, 31.799999237060547, 31.799999237060547, 31.799999237060547, 31.799999237060547, 0.0, 2015-05-22
Sodexo, SW, 31.799999237060547, 31.799999237060547, 31.799999237060547, 31.799999237060547, 0.0, 2015-05-26
Sodexo, SW, 31.799999237060547, 31.799999237060547, 31.799999237060547, 31.799999237060547, 0.0, 2015-05-27
Sodexo, SW, 31.799999237060547, 31.799999237060547, 31.799999237060547, 31.799999237060547, 0.0, 2015-05-29
Sodexo, SW, 31.799999237060547, 31.799999237060547, 31.799999237060547, 31.799999237060547, 0.0, 2015-06-01
Sodexo, SW, 31.799999237060547, 31.799999237060547, 31.799999237060547, 31.799999237060547, 0.0, 2015-06-02
Sodexo, SW, 31.799999237060547, 31.799999237060547, 31.799999237060547, 31.799999237060547, 0.0, 2015-06-03
Sodexo, SW, 31.799999237060547, 31.799999237060547, 31.799999237060547, 31.799999237060547, 0.0, 2015-06-04
Sodexo, SW, 31.799999237060547, 31.799999237060547, 31.799999237060547, 31.799999237060547, 0.0, 2015-06-05
Sodexo, SW, 31.799999237060547, 31.799999237060547, 31.799999237060547, 31.799999237060547, 0.0, 2015-06-10
Sodexo, SW, 31.799999237060547, 31.799999237060547, 31.799999237060547, 31.799999237060547, 0.0, 2015-06-17
Sodexo, SW, 31.799999237060547, 31.799999237060547, 31.799999237060547, 31.799999237060547, 0.0, 2015-06-22
Sodexo, SW, 31.799999237060547, 31.799999237060547, 31.799999237060547, 31.799999237060547, 0.0, 2015-06-23
Sodexo, SW, 31.799999237060547, 31.799999237060547, 31.799999237060547, 31.799999237060547, 0.0, 2015-06-26
Sodexo, SW, 31.799999237060547, 31.799999237060547, 31.799999237060547, 31.799999237060547, 0.0, 2015-07-01
Sodexo, SW, 31.799999237060547, 31.799999237060547, 31.799999237060547, 31.799999237060547, 0.0, 2015-07-06
Sodexo, SW, 31.799999237060547, 31.799999237060547, 31.799999237060547, 31.799999237060547, 0.0, 2015-07-07
Sodexo, SW, 31.799999237060547, 31.799999237060547, 31.799999237060547, 31.799999237060547, 0.0, 2015-07-08
Sodexo, SW, 31.799999237060547, 31.799999237060547, 31.799999237060547, 31.799999237060547, 0.0, 2015-07-09
Sodexo, SW, 31.799999237060547, 31.799999237060547, 31.799999237060547, 31.799999237060547, 0.0, 2015-07-10
Sodexo, SW, 31.799999237060547, 31.799999237060547, 31.799999237060547, 31.799999237060547, 0.0, 2015-07-27
Sodexo, SW, 31.799999237060547, 31.799999237060547, 31.799999237060547, 31.799999237060547, 0.0, 2015-07-28
Sodexo, SW, 31.799999237060547, 31.799999237060547, 31.799999237060547, 31.799999237060547, 0.0, 2015-08-12
Sodexo, SW, 31.799999237060547, 31.799999237060547, 31.799999237060547, 31.799999237060547, 0.0, 2015-08-13
Sodexo, SW, 31.799999237060547, 31.799999237060547, 31.799999237060547, 31.799999237060547, 0.0, 2015-08-14
Sodexo, SW, 31.799999237060547, 31.799999237060547, 31.799999237060547, 31.799999237060547, 0.0, 2015-08-17
Sodexo, SW, 31.799999237060547, 31.799999237060547, 31.799999237060547, 31.799999237060547, 0.0, 2015-08-18
Sodexo, SW, 31.799999237060547, 31.799999237060547, 31.799999237060547, 31.799999237060547, 0.0, 2015-08-19
Sodexo, SW, 31.799999237060547, 31.799999237060547, 31.799999237060547, 31.799999237060547, 0.0, 2015-08-20
Sodexo, SW, 31.799999237060547, 31.799999237060547, 31.799999237060547, 31.799999237060547, 0.0, 2015-08-21
Sodexo, SW, 31.799999237060547, 31.799999237060547, 31.799999237060547, 31.799999237060547, 0.0, 2015-08-24
Sodexo, SW, 31.799999237060547, 31.799999237060547, 31.799999237060547, 31.799999237060547, 0.0, 2015-08-25
Sodexo, SW, 31.799999237060547, 31.799999237060547, 31.799999237060547, 31.799999237060547, 0.0, 2015-08-26
Sodexo, SW, 31.799999237060547, 31.799999237060547, 31.799999237060547, 31.799999237060547, 0.0, 2015-08-27
Sodexo, SW, 31.799999237060547, 31.799999237060547, 31.799999237060547, 31.799999237060547, 0.0, 2015-08-28
Sodexo, SW, 31.799999237060547, 31.799999237060547, 31.799999237060547, 31.799999237060547, 0.0, 2015-08-31
Sodexo, SW, 31.799999237060547, 31.799999237060547, 31.799999237060547, 31.799999237060547, 0.0, 2015-09-01
Sodexo, SW, 31.799999237060547, 31.799999237060547, 31.799999237060547, 31.799999237060547, 0.0, 2015-09-02
Sodexo, SW, 31.799999237060547, 31.799999237060547, 31.799999237060547, 31.799999237060547, 0.0, 2015-09-03
Sodexo, SW, 31.799999237060547, 31.799999237060547, 31.799999237060547, 31.799999237060547, 0.0, 2015-09-04
Sodexo, SW, 31.799999237060547, 31.799999237060547, 31.799999237060547, 31.799999237060547, 0.0, 2015-09-08
Sodexo, SW, 31.799999237060547, 31.799999237060547, 31.799999237060547, 31.799999237060547, 0.0, 2015-09-09
Sodexo, SW, 31.799999237060547, 31.799999237060547, 31.799999237060547, 31.799999237060547, 0.0, 2015-09-10
Sodexo, SW, 31.799999237060547, 31.799999237060547, 31.799999237060547, 31.799999237060547, 0.0, 2015-09-11
Sodexo, SW, 31.799999237060547, 31.799999237060547, 31.799999237060547, 31.799999237060547, 0.0, 2015-09-14
Sodexo, SW, 31.799999237060547, 31.799999237060547, 31.799999237060547, 31.799999237060547, 0.0, 2015-09-15
Sodexo, SW, 31.799999237060547, 31.799999237060547, 31.799999237060547, 31.799999237060547, 0.0, 2015-09-16
Sodexo, SW, 31.799999237060547, 31.799999237060547, 31.799999237060547, 31.799999237060547, 0.0, 2015-09-17
Sodexo, SW, 31.799999237060547, 31.799999237060547, 31.799999237060547, 31.799999237060547, 0.0, 2015-09-18
Sodexo, SW, 31.799999237060547, 31.799999237060547, 31.799999237060547, 31.799999237060547, 0.0, 2015-09-21
Sodexo, SW, 31.799999237060547, 31.799999237060547, 31.799999237060547, 31.799999237060547, 0.0, 2015-09-22
Sodexo, SW, 31.799999237060547, 31.799999237060547, 31.799999237060547, 31.799999237060547, 0.0, 2015-09-23
Sodexo, SW, 31.799999237060547, 31.799999237060547, 31.799999237060547, 31.799999237060547, 0.0, 2015-09-24
Sodexo, SW, 31.799999237060547, 31.799999237060547, 31.799999237060547, 31.799999237060547, 0.0, 2015-09-25
Sodexo, SW, 31.799999237060547, 31.799999237060547, 31.799999237060547, 31.799999237060547, 0.0, 2015-09-28
Sodexo, SW, 31.799999237060547, 31.799999237060547, 31.799999237060547, 31.799999237060547, 0.0, 2015-09-29
Sodexo, SW, 31.799999237060547, 31.799999237060547, 31.799999237060547, 31.799999237060547, 0.0, 2015-09-30
Sodexo, SW, 31.799999237060547, 31.799999237060547, 31.799999237060547, 31.799999237060547, 0.0, 2015-10-01
Sodexo, SW, 31.799999237060547, 31.799999237060547, 31.799999237060547, 31.799999237060547, 0.0, 2015-10-02
Sodexo, SW, 31.799999237060547, 31.799999237060547, 31.799999237060547, 31.799999237060547, 0.0, 2015-10-05
Sodexo, SW, 31.799999237060547, 31.799999237060547, 31.799999237060547, 31.799999237060547, 0.0, 2015-10-06
Sodexo, SW, 31.799999237060547, 31.799999237060547, 31.799999237060547, 31.799999237060547, 0.0, 2015-10-07
Sodexo, SW, 31.799999237060547, 31.799999237060547, 31.799999237060547, 31.799999237060547, 0.0, 2015-10-08
Sodexo, SW, 31.799999237060547, 31.799999237060547, 31.799999237060547, 31.799999237060547, 0.0, 2015-10-09
Sodexo, SW, 31.799999237060547, 31.799999237060547, 31.799999237060547, 31.799999237060547, 0.0, 2015-10-12
Sodexo, SW, 31.799999237060547, 31.799999237060547, 31.799999237060547, 31.799999237060547, 0.0, 2015-10-13
Sodexo, SW, 31.799999237060547, 31.799999237060547, 31.799999237060547, 31.799999237060547, 0.0, 2015-10-14
Sodexo, SW, 31.799999237060547, 31.799999237060547, 31.799999237060547, 31.799999237060547, 0.0, 2015-10-15
Sodexo, SW, 31.799999237060547, 31.799999237060547, 31.799999237060547, 31.799999237060547, 0.0, 2015-10-16
Sodexo, SW, 31.799999237060547, 31.799999237060547, 31.799999237060547, 31.799999237060547, 0.0, 2015-10-19
Sodexo, SW, 31.799999237060547, 31.799999237060547, 31.799999237060547, 31.799999237060547, 0.0, 2015-10-20
Sodexo, SW, 31.799999237060547, 31.799999237060547, 31.799999237060547, 31.799999237060547, 0.0, 2015-10-21
Sodexo, SW, 31.799999237060547, 31.799999237060547, 31.799999237060547, 31.799999237060547, 0.0, 2015-10-22
Sodexo, SW, 31.799999237060547, 31.799999237060547, 31.799999237060547, 31.799999237060547, 0.0, 2015-10-23
Sodexo, SW, 31.799999237060547, 31.799999237060547, 31.799999237060547, 31.799999237060547, 0.0, 2015-10-26
Sodexo, SW, 31.799999237060547, 31.799999237060547, 31.799999237060547, 31.799999237060547, 0.0, 2015-10-27
Sodexo, SW, 31.799999237060547, 31.799999237060547, 31.799999237060547, 31.799999237060547, 0.0, 2015-10-28
Sodexo, SW, 31.799999237060547, 31.799999237060547, 31.799999237060547, 31.799999237060547, 0.0, 2015-10-29
Sodexo, SW, 31.799999237060547, 31.799999237060547, 31.799999237060547, 31.799999237060547, 0.0, 2015-10-30
Sodexo, SW, 31.799999237060547, 31.799999237060547, 31.799999237060547, 31.799999237060547, 0.0, 2015-11-02
Sodexo, SW, 31.799999237060547, 31.799999237060547, 31.799999237060547, 31.799999237060547, 0.0, 2015-11-03
Sodexo, SW, 31.799999237060547, 31.799999237060547, 31.799999237060547, 31.799999237060547, 0.0, 2015-11-04
Sodexo, SW, 31.799999237060547, 31.799999237060547, 31.799999237060547, 31.799999237060547, 0.0, 2015-11-05
Sodexo, SW, 20.139999389648438, 20.139999389648438, 20.139999389648438, 20.139999389648438, 770.0, 2015-11-06
Sodexo, SW, 20.139999389648438, 20.139999389648438, 20.139999389648438, 20.139999389648438, 0.0, 2015-11-09
Sodexo, SW, 20.139999389648438, 20.139999389648438, 20.139999389648438, 20.139999389648438, 0.0, 2015-11-10
Sodexo, SW, 20.139999389648438, 20.139999389648438, 20.139999389648438, 20.139999389648438, 0.0, 2015-11-11
Sodexo, SW, 20.139999389648438, 20.139999389648438, 20.139999389648438, 20.139999389648438, 0.0, 2015-11-12
Sodexo, SW, 20.139999389648438, 20.139999389648438, 20.139999389648438, 20.139999389648438, 0.0, 2015-11-13
Sodexo, SW, 20.139999389648438, 20.139999389648438, 20.139999389648438, 20.139999389648438, 0.0, 2015-11-16
Sodexo, SW, 17.030000686645508, 17.030000686645508, 17.030000686645508, 17.030000686645508, 698.0, 2015-11-17
Sodexo, SW, 17.030000686645508, 17.030000686645508, 17.030000686645508, 17.030000686645508, 0.0, 2015-11-18
Sodexo, SW, 17.030000686645508, 17.030000686645508, 17.030000686645508, 17.030000686645508, 0.0, 2015-11-19
Sodexo, SW, 17.030000686645508, 17.030000686645508, 17.030000686645508, 17.030000686645508, 0.0, 2015-11-20
Sodexo, SW, 17.030000686645508, 17.030000686645508, 17.030000686645508, 17.030000686645508, 0.0, 2015-11-23
Sodexo, SW, 17.030000686645508, 17.030000686645508, 17.030000686645508, 17.030000686645508, 0.0, 2015-11-24
Sodexo, SW, 17.030000686645508, 17.030000686645508, 17.030000686645508, 17.030000686645508, 0.0, 2015-11-25
Sodexo, SW, 17.030000686645508, 17.030000686645508, 17.030000686645508, 17.030000686645508, 0.0, 2015-11-27
Sodexo, SW, 17.030000686645508, 17.030000686645508, 17.030000686645508, 17.030000686645508, 0.0, 2015-11-30
Sodexo, SW, 17.030000686645508, 17.030000686645508, 17.030000686645508, 17.030000686645508, 0.0, 2015-12-01
Sodexo, SW, 17.030000686645508, 17.030000686645508, 17.030000686645508, 17.030000686645508, 0.0, 2015-12-02
Sodexo, SW, 17.030000686645508, 17.030000686645508, 17.030000686645508, 17.030000686645508, 0.0, 2015-12-03
Sodexo, SW, 17.030000686645508, 17.030000686645508, 17.030000686645508, 17.030000686645508, 0.0, 2015-12-04
Sodexo, SW, 17.030000686645508, 17.030000686645508, 17.030000686645508, 17.030000686645508, 0.0, 2015-12-07
Sodexo, SW, 17.030000686645508, 17.030000686645508, 17.030000686645508, 17.030000686645508, 0.0, 2015-12-08
Sodexo, SW, 17.030000686645508, 17.030000686645508, 17.030000686645508, 17.030000686645508, 0.0, 2015-12-09
Sodexo, SW, 17.030000686645508, 17.030000686645508, 17.030000686645508, 17.030000686645508, 0.0, 2015-12-10
Sodexo, SW, 17.030000686645508, 17.030000686645508, 17.030000686645508, 17.030000686645508, 0.0, 2015-12-11
Sodexo, SW, 17.030000686645508, 17.030000686645508, 17.030000686645508, 17.030000686645508, 0.0, 2015-12-14
Sodexo, SW, 17.030000686645508, 17.030000686645508, 17.030000686645508, 17.030000686645508, 0.0, 2015-12-15
Sodexo, SW, 17.030000686645508, 17.030000686645508, 17.030000686645508, 17.030000686645508, 0.0, 2015-12-16
Sodexo, SW, 17.030000686645508, 17.030000686645508, 17.030000686645508, 17.030000686645508, 0.0, 2015-12-17
Sodexo, SW, 17.030000686645508, 17.030000686645508, 17.030000686645508, 17.030000686645508, 0.0, 2015-12-18
Sodexo, SW, 17.030000686645508, 17.030000686645508, 17.030000686645508, 17.030000686645508, 0.0, 2015-12-21
Sodexo, SW, 17.030000686645508, 17.030000686645508, 17.030000686645508, 17.030000686645508, 0.0, 2015-12-22
Sodexo, SW, 17.030000686645508, 17.030000686645508, 17.030000686645508, 17.030000686645508, 0.0, 2015-12-23
Sodexo, SW, 17.030000686645508, 17.030000686645508, 17.030000686645508, 17.030000686645508, 0.0, 2015-12-24
Sodexo, SW, 17.030000686645508, 17.030000686645508, 17.030000686645508, 17.030000686645508, 0.0, 2015-12-28
Sodexo, SW, 17.030000686645508, 17.030000686645508, 17.030000686645508, 17.030000686645508, 0.0, 2015-12-29
Sodexo, SW, 17.030000686645508, 17.030000686645508, 17.030000686645508, 17.030000686645508, 0.0, 2015-12-30
Sodexo, SW, 17.030000686645508, 17.030000686645508, 17.030000686645508, 17.030000686645508, 0.0, 2015-12-31
Sodexo, SW, 17.030000686645508, 17.030000686645508, 17.030000686645508, 17.030000686645508, 0.0, 2016-01-04
Sodexo, SW, 17.030000686645508, 17.030000686645508, 17.030000686645508, 17.030000686645508, 0.0, 2016-01-05
Sodexo, SW, 17.030000686645508, 17.030000686645508, 17.030000686645508, 17.030000686645508, 0.0, 2016-01-06
Sodexo, SW, 17.030000686645508, 17.030000686645508, 17.030000686645508, 17.030000686645508, 0.0, 2016-01-07
Sodexo, SW, 17.030000686645508, 17.030000686645508, 17.030000686645508, 17.030000686645508, 0.0, 2016-01-08
Sodexo, SW, 17.030000686645508, 17.030000686645508, 17.030000686645508, 17.030000686645508, 0.0, 2016-01-11
Sodexo, SW, 14.09000015258789, 14.039999961853027, 14.039999961853027, 14.09000015258789, 596.0, 2016-01-12
Sodexo, SW, 14.09000015258789, 14.09000015258789, 14.09000015258789, 14.09000015258789, 0.0, 2016-01-13
Sodexo, SW, 14.09000015258789, 14.09000015258789, 14.09000015258789, 14.09000015258789, 0.0, 2016-01-14
Sodexo, SW, 14.09000015258789, 14.09000015258789, 14.09000015258789, 14.09000015258789, 0.0, 2016-01-15
Sodexo, SW, 14.09000015258789, 14.09000015258789, 14.09000015258789, 14.09000015258789, 0.0, 2016-01-19
Sodexo, SW, 14.09000015258789, 14.09000015258789, 14.09000015258789, 14.09000015258789, 0.0, 2016-01-20
Sodexo, SW, 14.09000015258789, 14.09000015258789, 14.09000015258789, 14.09000015258789, 0.0, 2016-01-22
Sodexo, SW, 14.09000015258789, 14.09000015258789, 14.09000015258789, 14.09000015258789, 0.0, 2016-01-25
Sodexo, SW, 14.09000015258789, 14.09000015258789, 14.09000015258789, 14.09000015258789, 0.0, 2016-01-26
Sodexo, SW, 14.09000015258789, 14.09000015258789, 14.09000015258789, 14.09000015258789, 0.0, 2016-01-27
Sodexo, SW, 14.09000015258789, 14.09000015258789, 14.09000015258789, 14.09000015258789, 0.0, 2016-01-28
Sodexo, SW, 14.09000015258789, 14.09000015258789, 14.09000015258789, 14.09000015258789, 0.0, 2016-01-29
Sodexo, SW, 14.09000015258789, 14.09000015258789, 14.09000015258789, 14.09000015258789, 0.0, 2016-02-01
Sodexo, SW, 14.09000015258789, 14.09000015258789, 14.09000015258789, 14.09000015258789, 0.0, 2016-02-02
Sodexo, SW, 14.09000015258789, 14.09000015258789, 14.09000015258789, 14.09000015258789, 0.0, 2016-02-03
Sodexo, SW, 14.09000015258789, 14.09000015258789, 14.09000015258789, 14.09000015258789, 0.0, 2016-02-04
Sodexo, SW, 14.09000015258789, 14.09000015258789, 14.09000015258789, 14.09000015258789, 0.0, 2016-02-05
Sodexo, SW, 14.09000015258789, 14.09000015258789, 14.09000015258789, 14.09000015258789, 0.0, 2016-02-08
Sodexo, SW, 14.09000015258789, 14.09000015258789, 14.09000015258789, 14.09000015258789, 0.0, 2016-02-09
Sodexo, SW, 14.09000015258789, 14.09000015258789, 14.09000015258789, 14.09000015258789, 0.0, 2016-02-10
Sodexo, SW, 14.09000015258789, 14.09000015258789, 14.09000015258789, 14.09000015258789, 0.0, 2016-02-11
Sodexo, SW, 14.09000015258789, 14.09000015258789, 14.09000015258789, 14.09000015258789, 0.0, 2016-02-12
Sodexo, SW, 14.09000015258789, 14.09000015258789, 14.09000015258789, 14.09000015258789, 0.0, 2016-02-16
Sodexo, SW, 14.09000015258789, 14.09000015258789, 14.09000015258789, 14.09000015258789, 0.0, 2016-02-17
Sodexo, SW, 14.09000015258789, 14.09000015258789, 14.09000015258789, 14.09000015258789, 0.0, 2016-02-18
Sodexo, SW, 14.09000015258789, 14.09000015258789, 14.09000015258789, 14.09000015258789, 0.0, 2016-02-19
Sodexo, SW, 14.09000015258789, 14.09000015258789, 14.09000015258789, 14.09000015258789, 0.0, 2016-02-22
Sodexo, SW, 14.09000015258789, 14.09000015258789, 14.09000015258789, 14.09000015258789, 0.0, 2016-02-23
Sodexo, SW, 14.09000015258789, 14.09000015258789, 14.09000015258789, 14.09000015258789, 0.0, 2016-02-24
Sodexo, SW, 14.09000015258789, 14.09000015258789, 14.09000015258789, 14.09000015258789, 0.0, 2016-02-25
Sodexo, SW, 14.09000015258789, 14.09000015258789, 14.09000015258789, 14.09000015258789, 0.0, 2016-02-26
Sodexo, SW, 14.09000015258789, 14.09000015258789, 14.09000015258789, 14.09000015258789, 0.0, 2016-02-29
Sodexo, SW, 14.09000015258789, 14.09000015258789, 14.09000015258789, 14.09000015258789, 0.0, 2016-03-01
Sodexo, SW, 14.09000015258789, 14.09000015258789, 14.09000015258789, 14.09000015258789, 0.0, 2016-03-02
Sodexo, SW, 14.09000015258789, 14.09000015258789, 14.09000015258789, 14.09000015258789, 0.0, 2016-03-03
Sodexo, SW, 14.09000015258789, 14.09000015258789, 14.09000015258789, 14.09000015258789, 0.0, 2016-03-04
Sodexo, SW, 14.09000015258789, 14.09000015258789, 14.09000015258789, 14.09000015258789, 0.0, 2016-03-07
Sodexo, SW, 14.09000015258789, 14.09000015258789, 14.09000015258789, 14.09000015258789, 0.0, 2016-03-08
Sodexo, SW, 14.09000015258789, 14.09000015258789, 14.09000015258789, 14.09000015258789, 0.0, 2016-03-09
Sodexo, SW, 14.09000015258789, 14.09000015258789, 14.09000015258789, 14.09000015258789, 0.0, 2016-03-10
Sodexo, SW, 14.09000015258789, 14.09000015258789, 14.09000015258789, 14.09000015258789, 0.0, 2016-03-11
Sodexo, SW, 14.09000015258789, 14.09000015258789, 14.09000015258789, 14.09000015258789, 0.0, 2016-03-15
Sodexo, SW, 14.09000015258789, 14.09000015258789, 14.09000015258789, 14.09000015258789, 0.0, 2016-03-17
Sodexo, SW, 14.09000015258789, 14.09000015258789, 14.09000015258789, 14.09000015258789, 0.0, 2016-03-23
Sodexo, SW, 14.09000015258789, 14.09000015258789, 14.09000015258789, 14.09000015258789, 0.0, 2016-03-28
Sodexo, SW, 14.09000015258789, 14.09000015258789, 14.09000015258789, 14.09000015258789, 0.0, 2016-03-29
Sodexo, SW, 14.09000015258789, 14.09000015258789, 14.09000015258789, 14.09000015258789, 0.0, 2016-03-31
Sodexo, SW, 14.09000015258789, 14.09000015258789, 14.09000015258789, 14.09000015258789, 0.0, 2016-04-04
Sodexo, SW, 14.09000015258789, 14.09000015258789, 14.09000015258789, 14.09000015258789, 0.0, 2016-04-05
Sodexo, SW, 14.09000015258789, 14.09000015258789, 14.09000015258789, 14.09000015258789, 0.0, 2016-04-06
Sodexo, SW, 14.09000015258789, 14.09000015258789, 14.09000015258789, 14.09000015258789, 0.0, 2016-04-07
Sodexo, SW, 14.09000015258789, 14.09000015258789, 14.09000015258789, 14.09000015258789, 0.0, 2016-04-08
Sodexo, SW, 14.09000015258789, 14.09000015258789, 14.09000015258789, 14.09000015258789, 0.0, 2016-04-11
Sodexo, SW, 14.09000015258789, 14.09000015258789, 14.09000015258789, 14.09000015258789, 0.0, 2016-04-12
Sodexo, SW, 14.09000015258789, 14.09000015258789, 14.09000015258789, 14.09000015258789, 0.0, 2016-04-13
Sodexo, SW, 14.09000015258789, 14.09000015258789, 14.09000015258789, 14.09000015258789, 0.0, 2016-04-14
Sodexo, SW, 14.09000015258789, 14.09000015258789, 14.09000015258789, 14.09000015258789, 0.0, 2016-04-15
Sodexo, SW, 14.09000015258789, 14.09000015258789, 14.09000015258789, 14.09000015258789, 0.0, 2016-04-18
Sodexo, SW, 14.09000015258789, 14.09000015258789, 14.09000015258789, 14.09000015258789, 0.0, 2016-04-19
Sodexo, SW, 14.09000015258789, 14.09000015258789, 14.09000015258789, 14.09000015258789, 0.0, 2016-04-20
Sodexo, SW, 14.09000015258789, 14.09000015258789, 14.09000015258789, 14.09000015258789, 0.0, 2016-04-21
Sodexo, SW, 14.09000015258789, 14.09000015258789, 14.09000015258789, 14.09000015258789, 0.0, 2016-04-22
Sodexo, SW, 14.09000015258789, 14.09000015258789, 14.09000015258789, 14.09000015258789, 0.0, 2016-04-25
Sodexo, SW, 14.09000015258789, 14.09000015258789, 14.09000015258789, 14.09000015258789, 0.0, 2016-04-26
Sodexo, SW, 14.09000015258789, 14.09000015258789, 14.09000015258789, 14.09000015258789, 0.0, 2016-04-27
Sodexo, SW, 14.09000015258789, 14.09000015258789, 14.09000015258789, 14.09000015258789, 0.0, 2016-04-28
Sodexo, SW, 14.09000015258789, 14.09000015258789, 14.09000015258789, 14.09000015258789, 0.0, 2016-04-29
Sodexo, SW, 14.09000015258789, 14.09000015258789, 14.09000015258789, 14.09000015258789, 0.0, 2016-05-02
Sodexo, SW, 15.180000305175781, 15.180000305175781, 15.180000305175781, 15.180000305175781, 800.0, 2016-05-03
Sodexo, SW, 14.8100004196167, 14.8100004196167, 14.8100004196167, 14.8100004196167, 0.0, 2016-05-05
Sodexo, SW, 16.969999313354492, 16.790000915527344, 16.969999313354492, 16.790000915527344, 1057.0, 2016-05-06
Sodexo, SW, 16.790000915527344, 16.790000915527344, 16.790000915527344, 16.790000915527344, 0.0, 2016-05-12
Sodexo, SW, 16.790000915527344, 16.790000915527344, 16.790000915527344, 16.790000915527344, 0.0, 2016-05-17
Sodexo, SW, 16.790000915527344, 16.790000915527344, 16.790000915527344, 16.790000915527344, 0.0, 2016-05-20
Sodexo, SW, 19.899999618530273, 19.899999618530273, 19.899999618530273, 19.899999618530273, 0.0, 2016-05-26
Sodexo, SW, 19.899999618530273, 19.899999618530273, 19.899999618530273, 19.899999618530273, 0.0, 2016-05-27
Sodexo, SW, 19.899999618530273, 19.899999618530273, 19.899999618530273, 19.899999618530273, 0.0, 2016-05-31
Sodexo, SW, 19.899999618530273, 19.899999618530273, 19.899999618530273, 19.899999618530273, 0.0, 2016-06-01
Sodexo, SW, 19.899999618530273, 19.899999618530273, 19.899999618530273, 19.899999618530273, 0.0, 2016-06-02
Sodexo, SW, 19.899999618530273, 19.899999618530273, 19.899999618530273, 19.899999618530273, 0.0, 2016-06-03
Sodexo, SW, 19.899999618530273, 19.899999618530273, 19.899999618530273, 19.899999618530273, 0.0, 2016-06-06
Sodexo, SW, 19.899999618530273, 19.899999618530273, 19.899999618530273, 19.899999618530273, 0.0, 2016-06-07
Sodexo, SW, 19.899999618530273, 19.899999618530273, 19.899999618530273, 19.899999618530273, 0.0, 2016-06-08
Sodexo, SW, 19.899999618530273, 19.899999618530273, 19.899999618530273, 19.899999618530273, 0.0, 2016-06-09
Sodexo, SW, 19.899999618530273, 19.899999618530273, 19.899999618530273, 19.899999618530273, 0.0, 2016-06-10
Sodexo, SW, 19.899999618530273, 19.899999618530273, 19.899999618530273, 19.899999618530273, 0.0, 2016-06-13
Sodexo, SW, 19.899999618530273, 19.899999618530273, 19.899999618530273, 19.899999618530273, 0.0, 2016-06-14
Sodexo, SW, 19.899999618530273, 19.899999618530273, 19.899999618530273, 19.899999618530273, 0.0, 2016-06-15
Sodexo, SW, 19.899999618530273, 19.899999618530273, 19.899999618530273, 19.899999618530273, 0.0, 2016-06-16
Sodexo, SW, 19.899999618530273, 19.899999618530273, 19.899999618530273, 19.899999618530273, 0.0, 2016-06-17
Sodexo, SW, 19.899999618530273, 19.899999618530273, 19.899999618530273, 19.899999618530273, 0.0, 2016-06-20
Sodexo, SW, 19.899999618530273, 19.899999618530273, 19.899999618530273, 19.899999618530273, 0.0, 2016-06-21
Sodexo, SW, 19.899999618530273, 19.899999618530273, 19.899999618530273, 19.899999618530273, 0.0, 2016-06-22
Sodexo, SW, 19.899999618530273, 19.899999618530273, 19.899999618530273, 19.899999618530273, 0.0, 2016-06-23
Sodexo, SW, 19.899999618530273, 19.899999618530273, 19.899999618530273, 19.899999618530273, 0.0, 2016-06-24
Sodexo, SW, 19.899999618530273, 19.899999618530273, 19.899999618530273, 19.899999618530273, 0.0, 2016-06-27
Sodexo, SW, 19.899999618530273, 19.899999618530273, 19.899999618530273, 19.899999618530273, 0.0, 2016-06-28
Sodexo, SW, 19.899999618530273, 19.899999618530273, 19.899999618530273, 19.899999618530273, 0.0, 2016-06-29
Sodexo, SW, 19.899999618530273, 19.899999618530273, 19.899999618530273, 19.899999618530273, 0.0, 2016-06-30
Sodexo, SW, 19.899999618530273, 19.899999618530273, 19.899999618530273, 19.899999618530273, 0.0, 2016-07-01
Sodexo, SW, 19.899999618530273, 19.899999618530273, 19.899999618530273, 19.899999618530273, 0.0, 2016-07-05
Sodexo, SW, 19.899999618530273, 19.899999618530273, 19.899999618530273, 19.899999618530273, 0.0, 2016-07-06
Sodexo, SW, 19.899999618530273, 19.899999618530273, 19.899999618530273, 19.899999618530273, 0.0, 2016-07-07
Sodexo, SW, 19.899999618530273, 19.899999618530273, 19.899999618530273, 19.899999618530273, 0.0, 2016-07-08
Sodexo, SW, 19.899999618530273, 19.899999618530273, 19.899999618530273, 19.899999618530273, 0.0, 2016-07-11
Sodexo, SW, 19.899999618530273, 19.899999618530273, 19.899999618530273, 19.899999618530273, 0.0, 2016-07-12
Sodexo, SW, 19.899999618530273, 19.899999618530273, 19.899999618530273, 19.899999618530273, 0.0, 2016-07-13
Sodexo, SW, 19.899999618530273, 19.899999618530273, 19.899999618530273, 19.899999618530273, 0.0, 2016-07-14
Sodexo, SW, 19.899999618530273, 19.899999618530273, 19.899999618530273, 19.899999618530273, 0.0, 2016-07-15
Sodexo, SW, 19.899999618530273, 19.899999618530273, 19.899999618530273, 19.899999618530273, 0.0, 2016-07-18
Sodexo, SW, 19.899999618530273, 19.899999618530273, 19.899999618530273, 19.899999618530273, 0.0, 2016-07-19
Sodexo, SW, 19.899999618530273, 19.899999618530273, 19.899999618530273, 19.899999618530273, 0.0, 2016-07-20
Sodexo, SW, 19.899999618530273, 19.899999618530273, 19.899999618530273, 19.899999618530273, 0.0, 2016-07-21
Sodexo, SW, 19.899999618530273, 19.899999618530273, 19.899999618530273, 19.899999618530273, 0.0, 2016-07-22
Sodexo, SW, 19.899999618530273, 19.899999618530273, 19.899999618530273, 19.899999618530273, 0.0, 2016-07-25
Sodexo, SW, 19.899999618530273, 19.899999618530273, 19.899999618530273, 19.899999618530273, 0.0, 2016-07-26
Sodexo, SW, 19.899999618530273, 19.899999618530273, 19.899999618530273, 19.899999618530273, 0.0, 2016-07-27
Sodexo, SW, 19.899999618530273, 19.899999618530273, 19.899999618530273, 19.899999618530273, 0.0, 2016-07-28
Sodexo, SW, 19.899999618530273, 19.899999618530273, 19.899999618530273, 19.899999618530273, 0.0, 2016-07-29
Sodexo, SW, 19.899999618530273, 19.899999618530273, 19.899999618530273, 19.899999618530273, 0.0, 2016-08-01
Sodexo, SW, 19.899999618530273, 19.899999618530273, 19.899999618530273, 19.899999618530273, 0.0, 2016-08-02
Sodexo, SW, 19.899999618530273, 19.899999618530273, 19.899999618530273, 19.899999618530273, 0.0, 2016-08-03
Sodexo, SW, 19.899999618530273, 19.899999618530273, 19.899999618530273, 19.899999618530273, 0.0, 2016-08-04
Sodexo, SW, 19.899999618530273, 19.899999618530273, 19.899999618530273, 19.899999618530273, 0.0, 2016-08-05
Sodexo, SW, 19.899999618530273, 19.899999618530273, 19.899999618530273, 19.899999618530273, 0.0, 2016-08-08
Sodexo, SW, 19.899999618530273, 19.899999618530273, 19.899999618530273, 19.899999618530273, 0.0, 2016-08-09
Sodexo, SW, 19.899999618530273, 19.899999618530273, 19.899999618530273, 19.899999618530273, 0.0, 2016-08-10
Sodexo, SW, 19.899999618530273, 19.899999618530273, 19.899999618530273, 19.899999618530273, 0.0, 2016-08-11
Sodexo, SW, 19.899999618530273, 19.899999618530273, 19.899999618530273, 19.899999618530273, 0.0, 2016-08-12
Sodexo, SW, 19.899999618530273, 19.899999618530273, 19.899999618530273, 19.899999618530273, 0.0, 2016-08-15
Sodexo, SW, 19.899999618530273, 19.899999618530273, 19.899999618530273, 19.899999618530273, 0.0, 2016-08-16
Sodexo, SW, 19.899999618530273, 19.899999618530273, 19.899999618530273, 19.899999618530273, 0.0, 2016-08-17
Sodexo, SW, 19.899999618530273, 19.899999618530273, 19.899999618530273, 19.899999618530273, 0.0, 2016-08-18
Sodexo, SW, 19.899999618530273, 19.899999618530273, 19.899999618530273, 19.899999618530273, 0.0, 2016-08-19
Sodexo, SW, 19.899999618530273, 19.899999618530273, 19.899999618530273, 19.899999618530273, 0.0, 2016-08-22
Sodexo, SW, 19.899999618530273, 19.899999618530273, 19.899999618530273, 19.899999618530273, 0.0, 2016-08-23
Sodexo, SW, 19.899999618530273, 19.899999618530273, 19.899999618530273, 19.899999618530273, 0.0, 2016-08-24
Sodexo, SW, 19.899999618530273, 19.899999618530273, 19.899999618530273, 19.899999618530273, 0.0, 2016-08-25
Sodexo, SW, 19.899999618530273, 19.899999618530273, 19.899999618530273, 19.899999618530273, 0.0, 2016-08-26
Sodexo, SW, 19.899999618530273, 19.899999618530273, 19.899999618530273, 19.899999618530273, 0.0, 2016-08-29
Sodexo, SW, 19.899999618530273, 19.899999618530273, 19.899999618530273, 19.899999618530273, 0.0, 2016-08-30
Sodexo, SW, 19.899999618530273, 19.899999618530273, 19.899999618530273, 19.899999618530273, 0.0, 2016-08-31
Sodexo, SW, 19.899999618530273, 19.899999618530273, 19.899999618530273, 19.899999618530273, 0.0, 2016-09-01
Sodexo, SW, 19.899999618530273, 19.899999618530273, 19.899999618530273, 19.899999618530273, 0.0, 2016-09-02
Sodexo, SW, 19.899999618530273, 19.899999618530273, 19.899999618530273, 19.899999618530273, 0.0, 2016-09-06
Sodexo, SW, 19.899999618530273, 19.899999618530273, 19.899999618530273, 19.899999618530273, 0.0, 2016-09-07
Sodexo, SW, 19.899999618530273, 19.899999618530273, 19.899999618530273, 19.899999618530273, 0.0, 2016-09-08
Sodexo, SW, 19.899999618530273, 19.899999618530273, 19.899999618530273, 19.899999618530273, 0.0, 2016-09-09
Sodexo, SW, 19.899999618530273, 19.899999618530273, 19.899999618530273, 19.899999618530273, 0.0, 2016-09-12
Sodexo, SW, 19.899999618530273, 19.899999618530273, 19.899999618530273, 19.899999618530273, 0.0, 2016-09-13
Sodexo, SW, 19.899999618530273, 19.899999618530273, 19.899999618530273, 19.899999618530273, 0.0, 2016-09-14
Sodexo, SW, 19.899999618530273, 19.899999618530273, 19.899999618530273, 19.899999618530273, 0.0, 2016-09-15
Sodexo, SW, 19.899999618530273, 19.899999618530273, 19.899999618530273, 19.899999618530273, 0.0, 2016-09-16
Sodexo, SW, 19.899999618530273, 19.899999618530273, 19.899999618530273, 19.899999618530273, 0.0, 2016-09-19
Sodexo, SW, 19.899999618530273, 19.899999618530273, 19.899999618530273, 19.899999618530273, 0.0, 2016-09-20
Sodexo, SW, 19.899999618530273, 19.899999618530273, 19.899999618530273, 19.899999618530273, 0.0, 2016-09-21
Sodexo, SW, 19.899999618530273, 19.899999618530273, 19.899999618530273, 19.899999618530273, 0.0, 2016-09-22
Sodexo, SW, 19.899999618530273, 19.899999618530273, 19.899999618530273, 19.899999618530273, 0.0, 2016-09-23
Sodexo, SW, 19.899999618530273, 19.899999618530273, 19.899999618530273, 19.899999618530273, 0.0, 2016-09-26
Sodexo, SW, 19.899999618530273, 19.899999618530273, 19.899999618530273, 19.899999618530273, 0.0, 2016-09-27
Sodexo, SW, 19.899999618530273, 19.899999618530273, 19.899999618530273, 19.899999618530273, 0.0, 2016-09-28
Sodexo, SW, 19.899999618530273, 19.899999618530273, 19.899999618530273, 19.899999618530273, 0.0, 2016-09-29
Sodexo, SW, 19.899999618530273, 19.899999618530273, 19.899999618530273, 19.899999618530273, 0.0, 2016-09-30
Sodexo, SW, 19.899999618530273, 19.899999618530273, 19.899999618530273, 19.899999618530273, 0.0, 2016-10-03
Sodexo, SW, 19.899999618530273, 19.899999618530273, 19.899999618530273, 19.899999618530273, 0.0, 2016-10-04
Sodexo, SW, 19.899999618530273, 19.899999618530273, 19.899999618530273, 19.899999618530273, 0.0, 2016-10-05
Sodexo, SW, 19.899999618530273, 19.899999618530273, 19.899999618530273, 19.899999618530273, 0.0, 2016-10-06
Sodexo, SW, 19.899999618530273, 19.899999618530273, 19.899999618530273, 19.899999618530273, 0.0, 2016-10-07
Sodexo, SW, 19.899999618530273, 19.899999618530273, 19.899999618530273, 19.899999618530273, 0.0, 2016-10-10
Sodexo, SW, 19.899999618530273, 19.899999618530273, 19.899999618530273, 19.899999618530273, 0.0, 2016-10-11
Sodexo, SW, 19.899999618530273, 19.899999618530273, 19.899999618530273, 19.899999618530273, 0.0, 2016-10-12
Sodexo, SW, 19.899999618530273, 19.899999618530273, 19.899999618530273, 19.899999618530273, 0.0, 2016-10-13
Sodexo, SW, 19.899999618530273, 19.899999618530273, 19.899999618530273, 19.899999618530273, 0.0, 2016-10-14
Sodexo, SW, 19.899999618530273, 19.899999618530273, 19.899999618530273, 19.899999618530273, 0.0, 2016-10-17
Sodexo, SW, 19.899999618530273, 19.899999618530273, 19.899999618530273, 19.899999618530273, 0.0, 2016-10-18
Sodexo, SW, 19.899999618530273, 19.899999618530273, 19.899999618530273, 19.899999618530273, 0.0, 2016-10-19
Sodexo, SW, 19.899999618530273, 19.899999618530273, 19.899999618530273, 19.899999618530273, 0.0, 2016-10-20
Sodexo, SW, 19.899999618530273, 19.899999618530273, 19.899999618530273, 19.899999618530273, 0.0, 2016-10-21
Sodexo, SW, 19.899999618530273, 19.899999618530273, 19.899999618530273, 19.899999618530273, 0.0, 2016-10-24
Sodexo, SW, 19.899999618530273, 19.899999618530273, 19.899999618530273, 19.899999618530273, 0.0, 2016-10-25
Sodexo, SW, 19.899999618530273, 19.899999618530273, 19.899999618530273, 19.899999618530273, 0.0, 2016-10-26
Sodexo, SW, 19.899999618530273, 19.899999618530273, 19.899999618530273, 19.899999618530273, 0.0, 2016-10-27
Sodexo, SW, 19.899999618530273, 19.899999618530273, 19.899999618530273, 19.899999618530273, 0.0, 2016-10-28
Sodexo, SW, 19.899999618530273, 19.899999618530273, 19.899999618530273, 19.899999618530273, 0.0, 2016-10-31
Sodexo, SW, 19.899999618530273, 19.899999618530273, 19.899999618530273, 19.899999618530273, 0.0, 2016-11-01
Sodexo, SW, 19.899999618530273, 19.899999618530273, 19.899999618530273, 19.899999618530273, 0.0, 2016-11-02
Sodexo, SW, 19.899999618530273, 19.899999618530273, 19.899999618530273, 19.899999618530273, 0.0, 2016-11-03
Sodexo, SW, 13.369999885559082, 13.369999885559082, 13.369999885559082, 19.899999618530273, 491.0, 2016-11-04
Sodexo, SW, 19.899999618530273, 19.899999618530273, 19.899999618530273, 19.899999618530273, 0.0, 2016-11-07
Sodexo, SW, 14.529999732971191, 14.529999732971191, 14.529999732971191, 14.529999732971191, 100.0, 2016-11-08
Sodexo, SW, 14.529999732971191, 14.529999732971191, 14.529999732971191, 14.529999732971191, 0.0, 2016-11-09
Sodexo, SW, 14.529999732971191, 14.529999732971191, 14.529999732971191, 14.529999732971191, 0.0, 2016-11-10
Sodexo, SW, 14.529999732971191, 14.529999732971191, 14.529999732971191, 14.529999732971191, 0.0, 2016-11-11
Sodexo, SW, 14.529999732971191, 14.529999732971191, 14.529999732971191, 14.529999732971191, 0.0, 2016-11-14
Sodexo, SW, 14.529999732971191, 14.529999732971191, 14.529999732971191, 14.529999732971191, 0.0, 2016-11-15
Sodexo, SW, 14.529999732971191, 14.529999732971191, 14.529999732971191, 14.529999732971191, 0.0, 2016-11-16
Sodexo, SW, 14.529999732971191, 14.529999732971191, 14.529999732971191, 14.529999732971191, 0.0, 2016-11-17
Sodexo, SW, 14.529999732971191, 14.529999732971191, 14.529999732971191, 14.529999732971191, 0.0, 2016-11-18
Sodexo, SW, 14.529999732971191, 14.529999732971191, 14.529999732971191, 14.529999732971191, 0.0, 2016-11-21
Sodexo, SW, 14.529999732971191, 14.529999732971191, 14.529999732971191, 14.529999732971191, 0.0, 2016-11-22
Sodexo, SW, 14.529999732971191, 14.529999732971191, 14.529999732971191, 14.529999732971191, 0.0, 2016-11-23
Sodexo, SW, 14.529999732971191, 14.529999732971191, 14.529999732971191, 14.529999732971191, 0.0, 2016-11-25
Sodexo, SW, 14.529999732971191, 14.529999732971191, 14.529999732971191, 14.529999732971191, 0.0, 2016-11-28
Sodexo, SW, 14.529999732971191, 14.529999732971191, 14.529999732971191, 14.529999732971191, 0.0, 2016-11-29
Sodexo, SW, 14.529999732971191, 14.529999732971191, 14.529999732971191, 14.529999732971191, 0.0, 2016-11-30
Sodexo, SW, 14.529999732971191, 14.529999732971191, 14.529999732971191, 14.529999732971191, 0.0, 2016-12-01
Sodexo, SW, 14.529999732971191, 14.529999732971191, 14.529999732971191, 14.529999732971191, 0.0, 2016-12-02
Sodexo, SW, 14.529999732971191, 14.529999732971191, 14.529999732971191, 14.529999732971191, 0.0, 2016-12-05
Sodexo, SW, 14.529999732971191, 14.529999732971191, 14.529999732971191, 14.529999732971191, 0.0, 2016-12-06
Sodexo, SW, 14.529999732971191, 14.529999732971191, 14.529999732971191, 14.529999732971191, 0.0, 2016-12-07
Sodexo, SW, 14.529999732971191, 14.529999732971191, 14.529999732971191, 14.529999732971191, 0.0, 2016-12-08
Sodexo, SW, 14.529999732971191, 14.529999732971191, 14.529999732971191, 14.529999732971191, 0.0, 2016-12-09
Sodexo, SW, 14.529999732971191, 14.529999732971191, 14.529999732971191, 14.529999732971191, 0.0, 2016-12-12
Sodexo, SW, 14.529999732971191, 14.529999732971191, 14.529999732971191, 14.529999732971191, 0.0, 2016-12-13
Sodexo, SW, 14.529999732971191, 14.529999732971191, 14.529999732971191, 14.529999732971191, 0.0, 2016-12-14
Sodexo, SW, 14.529999732971191, 14.529999732971191, 14.529999732971191, 14.529999732971191, 0.0, 2016-12-15
Sodexo, SW, 14.529999732971191, 14.529999732971191, 14.529999732971191, 14.529999732971191, 0.0, 2016-12-16
Sodexo, SW, 14.529999732971191, 14.529999732971191, 14.529999732971191, 14.529999732971191, 0.0, 2016-12-19
Sodexo, SW, 14.529999732971191, 14.529999732971191, 14.529999732971191, 14.529999732971191, 0.0, 2016-12-20
Sodexo, SW, 14.529999732971191, 14.529999732971191, 14.529999732971191, 14.529999732971191, 0.0, 2016-12-21
Sodexo, SW, 14.529999732971191, 14.529999732971191, 14.529999732971191, 14.529999732971191, 0.0, 2016-12-22
Sodexo, SW, 14.529999732971191, 14.529999732971191, 14.529999732971191, 14.529999732971191, 0.0, 2016-12-23
Sodexo, SW, 14.529999732971191, 14.529999732971191, 14.529999732971191, 14.529999732971191, 0.0, 2016-12-27
Sodexo, SW, 14.529999732971191, 14.529999732971191, 14.529999732971191, 14.529999732971191, 0.0, 2016-12-28
Sodexo, SW, 14.529999732971191, 14.529999732971191, 14.529999732971191, 14.529999732971191, 0.0, 2016-12-29
Sodexo, SW, 14.529999732971191, 14.529999732971191, 14.529999732971191, 14.529999732971191, 0.0, 2016-12-30
Sodexo, SW, 14.529999732971191, 14.529999732971191, 14.529999732971191, 14.529999732971191, 0.0, 2017-01-03
Sodexo, SW, 14.529999732971191, 14.529999732971191, 14.529999732971191, 14.529999732971191, 0.0, 2017-01-04
Sodexo, SW, 14.529999732971191, 14.529999732971191, 14.529999732971191, 14.529999732971191, 0.0, 2017-01-05
Sodexo, SW, 14.529999732971191, 14.529999732971191, 14.529999732971191, 14.529999732971191, 0.0, 2017-01-06
Sodexo, SW, 14.529999732971191, 14.529999732971191, 14.529999732971191, 14.529999732971191, 0.0, 2017-01-09
Sodexo, SW, 14.529999732971191, 14.529999732971191, 14.529999732971191, 14.529999732971191, 0.0, 2017-01-10
Sodexo, SW, 14.529999732971191, 14.529999732971191, 14.529999732971191, 14.529999732971191, 0.0, 2017-01-11
Sodexo, SW, 14.529999732971191, 14.529999732971191, 14.529999732971191, 14.529999732971191, 0.0, 2017-01-12
Sodexo, SW, 14.529999732971191, 14.529999732971191, 14.529999732971191, 14.529999732971191, 0.0, 2017-01-13
Sodexo, SW, 16.899999618530273, 16.899999618530273, 16.899999618530273, 16.899999618530273, 9.0, 2017-01-17
Sodexo, SW, 16.899999618530273, 16.899999618530273, 16.899999618530273, 16.899999618530273, 0.0, 2017-01-18
Sodexo, SW, 16.899999618530273, 16.899999618530273, 16.899999618530273, 16.899999618530273, 0.0, 2017-01-19
Sodexo, SW, 16.899999618530273, 16.899999618530273, 16.899999618530273, 16.899999618530273, 0.0, 2017-01-20
Sodexo, SW, 16.899999618530273, 16.899999618530273, 16.899999618530273, 16.899999618530273, 0.0, 2017-01-23
Sodexo, SW, 16.899999618530273, 16.899999618530273, 16.899999618530273, 16.899999618530273, 0.0, 2017-01-24
Sodexo, SW, 16.899999618530273, 16.899999618530273, 16.899999618530273, 16.899999618530273, 0.0, 2017-01-25
Sodexo, SW, 16.899999618530273, 16.899999618530273, 16.899999618530273, 16.899999618530273, 0.0, 2017-01-26
Sodexo, SW, 16.899999618530273, 16.899999618530273, 16.899999618530273, 16.899999618530273, 0.0, 2017-01-27
Sodexo, SW, 16.899999618530273, 16.899999618530273, 16.899999618530273, 16.899999618530273, 0.0, 2017-01-30
Sodexo, SW, 16.899999618530273, 16.899999618530273, 16.899999618530273, 16.899999618530273, 0.0, 2017-01-31
Sodexo, SW, 16.899999618530273, 16.899999618530273, 16.899999618530273, 16.899999618530273, 0.0, 2017-02-01
Sodexo, SW, 16.899999618530273, 16.899999618530273, 16.899999618530273, 16.899999618530273, 0.0, 2017-02-02
Sodexo, SW, 16.899999618530273, 16.899999618530273, 16.899999618530273, 16.899999618530273, 0.0, 2017-02-03
Sodexo, SW, 16.899999618530273, 16.899999618530273, 16.899999618530273, 16.899999618530273, 0.0, 2017-02-06
Sodexo, SW, 16.899999618530273, 16.899999618530273, 16.899999618530273, 16.899999618530273, 0.0, 2017-02-07
Sodexo, SW, 16.899999618530273, 16.899999618530273, 16.899999618530273, 16.899999618530273, 0.0, 2017-02-08
Sodexo, SW, 16.899999618530273, 16.899999618530273, 16.899999618530273, 16.899999618530273, 0.0, 2017-02-09
Sodexo, SW, 16.899999618530273, 16.899999618530273, 16.899999618530273, 16.899999618530273, 0.0, 2017-02-10
Sodexo, SW, 26.950000762939453, 26.649999618530273, 26.950000762939453, 26.649999618530273, 250.0, 2017-02-13
Sodexo, SW, 26.649999618530273, 26.649999618530273, 26.649999618530273, 26.649999618530273, 0.0, 2017-02-14
Sodexo, SW, 25.149999618530273, 25.149999618530273, 25.149999618530273, 25.149999618530273, 200.0, 2017-02-15
Sodexo, SW, 25.149999618530273, 25.149999618530273, 25.149999618530273, 25.149999618530273, 0.0, 2017-02-16
Sodexo, SW, 25.149999618530273, 25.149999618530273, 25.149999618530273, 25.149999618530273, 0.0, 2017-02-17
Sodexo, SW, 25.149999618530273, 25.149999618530273, 25.149999618530273, 25.149999618530273, 0.0, 2017-02-21
Sodexo, SW, 25.149999618530273, 25.149999618530273, 25.149999618530273, 25.149999618530273, 0.0, 2017-02-22
Sodexo, SW, 25.149999618530273, 25.149999618530273, 25.149999618530273, 25.149999618530273, 0.0, 2017-02-23
Sodexo, SW, 28.200000762939453, 28.200000762939453, 28.200000762939453, 28.200000762939453, 50.0, 2017-02-27
Sodexo, SW, 28.200000762939453, 28.200000762939453, 28.200000762939453, 28.200000762939453, 0.0, 2017-03-01
Sodexo, SW, 28.200000762939453, 28.200000762939453, 28.200000762939453, 28.200000762939453, 0.0, 2017-03-02
Sodexo, SW, 28.200000762939453, 28.200000762939453, 28.200000762939453, 28.200000762939453, 0.0, 2017-03-03
Sodexo, SW, 28.200000762939453, 28.200000762939453, 28.200000762939453, 28.200000762939453, 0.0, 2017-03-06
Sodexo, SW, 28.200000762939453, 28.200000762939453, 28.200000762939453, 28.200000762939453, 0.0, 2017-03-08
Sodexo, SW, 28.200000762939453, 28.200000762939453, 28.200000762939453, 28.200000762939453, 0.0, 2017-03-09
Sodexo, SW, 28.200000762939453, 28.200000762939453, 28.200000762939453, 28.200000762939453, 0.0, 2017-03-13
Sodexo, SW, 28.200000762939453, 28.200000762939453, 28.200000762939453, 28.200000762939453, 0.0, 2017-03-14
Sodexo, SW, 28.200000762939453, 28.200000762939453, 28.200000762939453, 28.200000762939453, 0.0, 2017-03-15
Sodexo, SW, 28.200000762939453, 28.200000762939453, 28.200000762939453, 28.200000762939453, 0.0, 2017-03-16
Sodexo, SW, 28.200000762939453, 28.200000762939453, 28.200000762939453, 28.200000762939453, 0.0, 2017-03-17
Sodexo, SW, 28.200000762939453, 28.200000762939453, 28.200000762939453, 28.200000762939453, 0.0, 2017-03-20
Sodexo, SW, 28.200000762939453, 28.200000762939453, 28.200000762939453, 28.200000762939453, 0.0, 2017-03-21
Sodexo, SW, 28.200000762939453, 28.200000762939453, 28.200000762939453, 28.200000762939453, 0.0, 2017-03-22
Sodexo, SW, 28.200000762939453, 28.200000762939453, 28.200000762939453, 28.200000762939453, 0.0, 2017-03-23
Sodexo, SW, 28.200000762939453, 28.200000762939453, 28.200000762939453, 28.200000762939453, 0.0, 2017-03-24
Sodexo, SW, 28.200000762939453, 28.200000762939453, 28.200000762939453, 28.200000762939453, 0.0, 2017-03-27
Sodexo, SW, 28.200000762939453, 28.200000762939453, 28.200000762939453, 28.200000762939453, 0.0, 2017-03-28
Sodexo, SW, 28.200000762939453, 28.200000762939453, 28.200000762939453, 28.200000762939453, 0.0, 2017-03-29
Sodexo, SW, 28.200000762939453, 28.200000762939453, 28.200000762939453, 28.200000762939453, 0.0, 2017-03-30
Sodexo, SW, 28.200000762939453, 28.200000762939453, 28.200000762939453, 28.200000762939453, 0.0, 2017-03-31
Sodexo, SW, 28.200000762939453, 28.200000762939453, 28.200000762939453, 28.200000762939453, 0.0, 2017-04-04
Sodexo, SW, 28.200000762939453, 28.200000762939453, 28.200000762939453, 28.200000762939453, 0.0, 2017-04-05
Sodexo, SW, 26.799999237060547, 26.799999237060547, 26.799999237060547, 26.799999237060547, 200.0, 2017-04-06
Sodexo, SW, 26.799999237060547, 26.799999237060547, 26.799999237060547, 26.799999237060547, 0.0, 2017-04-10
Sodexo, SW, 26.799999237060547, 26.799999237060547, 26.799999237060547, 26.799999237060547, 0.0, 2017-04-12
Sodexo, SW, 25.030000686645508, 25.030000686645508, 25.030000686645508, 25.030000686645508, 0.0, 2017-04-17
Sodexo, SW, 25.030000686645508, 25.030000686645508, 25.030000686645508, 25.030000686645508, 0.0, 2017-04-18
Sodexo, SW, 25.030000686645508, 25.030000686645508, 25.030000686645508, 25.030000686645508, 0.0, 2017-04-19
Sodexo, SW, 25.030000686645508, 25.030000686645508, 25.030000686645508, 25.030000686645508, 0.0, 2017-04-20
Sodexo, SW, 25.030000686645508, 25.030000686645508, 25.030000686645508, 25.030000686645508, 0.0, 2017-04-21
Sodexo, SW, 25.030000686645508, 25.030000686645508, 25.030000686645508, 25.030000686645508, 0.0, 2017-04-24
Sodexo, SW, 25.299999237060547, 25.299999237060547, 25.299999237060547, 25.299999237060547, 200.0, 2017-04-25
Sodexo, SW, 25.299999237060547, 25.299999237060547, 25.299999237060547, 25.299999237060547, 0.0, 2017-04-26
Sodexo, SW, 25.299999237060547, 25.299999237060547, 25.299999237060547, 25.299999237060547, 0.0, 2017-04-27
Sodexo, SW, 25.299999237060547, 25.299999237060547, 25.299999237060547, 25.299999237060547, 0.0, 2017-04-28
Sodexo, SW, 25.299999237060547, 25.299999237060547, 25.299999237060547, 25.299999237060547, 0.0, 2017-05-01
Sodexo, SW, 25.299999237060547, 25.299999237060547, 25.299999237060547, 25.299999237060547, 0.0, 2017-05-02
Sodexo, SW, 25.299999237060547, 25.299999237060547, 25.299999237060547, 25.299999237060547, 0.0, 2017-05-03
Sodexo, SW, 25.299999237060547, 25.299999237060547, 25.299999237060547, 25.299999237060547, 0.0, 2017-05-04
Sodexo, SW, 25.299999237060547, 25.299999237060547, 25.299999237060547, 25.299999237060547, 0.0, 2017-05-05
Sodexo, SW, 25.299999237060547, 25.299999237060547, 25.299999237060547, 25.299999237060547, 0.0, 2017-05-08
Sodexo, SW, 25.299999237060547, 25.299999237060547, 25.299999237060547, 25.299999237060547, 0.0, 2017-05-09
Sodexo, SW, 25.299999237060547, 25.299999237060547, 25.299999237060547, 25.299999237060547, 0.0, 2017-05-10
Sodexo, SW, 25.299999237060547, 25.299999237060547, 25.299999237060547, 25.299999237060547, 0.0, 2017-05-11
Sodexo, SW, 25.299999237060547, 25.299999237060547, 25.299999237060547, 25.299999237060547, 0.0, 2017-05-12
Sodexo, SW, 25.299999237060547, 25.299999237060547, 25.299999237060547, 25.299999237060547, 0.0, 2017-05-15
Sodexo, SW, 25.299999237060547, 25.299999237060547, 25.299999237060547, 25.299999237060547, 0.0, 2017-05-16
Sodexo, SW, 25.299999237060547, 25.299999237060547, 25.299999237060547, 25.299999237060547, 0.0, 2017-05-17
Sodexo, SW, 25.299999237060547, 25.299999237060547, 25.299999237060547, 25.299999237060547, 0.0, 2017-05-18
Sodexo, SW, 25.299999237060547, 25.299999237060547, 25.299999237060547, 25.299999237060547, 0.0, 2017-05-19
Sodexo, SW, 25.299999237060547, 25.299999237060547, 25.299999237060547, 25.299999237060547, 0.0, 2017-05-22
Sodexo, SW, 25.299999237060547, 25.299999237060547, 25.299999237060547, 25.299999237060547, 0.0, 2017-05-23
Sodexo, SW, 25.299999237060547, 25.299999237060547, 25.299999237060547, 25.299999237060547, 0.0, 2017-05-24
Sodexo, SW, 25.299999237060547, 25.299999237060547, 25.299999237060547, 25.299999237060547, 0.0, 2017-05-25
Sodexo, SW, 25.299999237060547, 25.299999237060547, 25.299999237060547, 25.299999237060547, 0.0, 2017-05-26
Sodexo, SW, 25.299999237060547, 25.299999237060547, 25.299999237060547, 25.299999237060547, 0.0, 2017-05-30
Sodexo, SW, 25.299999237060547, 25.299999237060547, 25.299999237060547, 25.299999237060547, 0.0, 2017-05-31
Sodexo, SW, 25.299999237060547, 25.299999237060547, 25.299999237060547, 25.299999237060547, 0.0, 2017-06-01
Sodexo, SW, 25.299999237060547, 25.299999237060547, 25.299999237060547, 25.299999237060547, 0.0, 2017-06-02
Sodexo, SW, 25.299999237060547, 25.299999237060547, 25.299999237060547, 25.299999237060547, 0.0, 2017-06-05
Sodexo, SW, 25.299999237060547, 25.299999237060547, 25.299999237060547, 25.299999237060547, 0.0, 2017-06-06
Sodexo, SW, 25.299999237060547, 25.299999237060547, 25.299999237060547, 25.299999237060547, 0.0, 2017-06-07
Sodexo, SW, 25.299999237060547, 25.299999237060547, 25.299999237060547, 25.299999237060547, 0.0, 2017-06-08
Sodexo, SW, 25.299999237060547, 25.299999237060547, 25.299999237060547, 25.299999237060547, 0.0, 2017-06-09
Sodexo, SW, 25.299999237060547, 25.299999237060547, 25.299999237060547, 25.299999237060547, 0.0, 2017-06-12
Sodexo, SW, 25.299999237060547, 25.299999237060547, 25.299999237060547, 25.299999237060547, 0.0, 2017-06-13
Sodexo, SW, 25.299999237060547, 25.299999237060547, 25.299999237060547, 25.299999237060547, 0.0, 2017-06-14
Sodexo, SW, 25.299999237060547, 25.299999237060547, 25.299999237060547, 25.299999237060547, 0.0, 2017-06-15
Sodexo, SW, 25.299999237060547, 25.299999237060547, 25.299999237060547, 25.299999237060547, 0.0, 2017-06-16
Sodexo, SW, 25.299999237060547, 25.299999237060547, 25.299999237060547, 25.299999237060547, 0.0, 2017-06-19
Sodexo, SW, 25.299999237060547, 25.299999237060547, 25.299999237060547, 25.299999237060547, 0.0, 2017-06-20
Sodexo, SW, 25.299999237060547, 25.299999237060547, 25.299999237060547, 25.299999237060547, 0.0, 2017-06-21
Sodexo, SW, 25.299999237060547, 25.299999237060547, 25.299999237060547, 25.299999237060547, 0.0, 2017-06-22
Sodexo, SW, 25.299999237060547, 25.299999237060547, 25.299999237060547, 25.299999237060547, 0.0, 2017-06-23
Sodexo, SW, 25.299999237060547, 25.299999237060547, 25.299999237060547, 25.299999237060547, 0.0, 2017-06-26
Sodexo, SW, 25.299999237060547, 25.299999237060547, 25.299999237060547, 25.299999237060547, 0.0, 2017-06-27
Sodexo, SW, 25.299999237060547, 25.299999237060547, 25.299999237060547, 25.299999237060547, 0.0, 2017-06-28
Sodexo, SW, 25.299999237060547, 25.299999237060547, 25.299999237060547, 25.299999237060547, 0.0, 2017-06-29
Sodexo, SW, 25.299999237060547, 25.299999237060547, 25.299999237060547, 25.299999237060547, 0.0, 2017-06-30
Sodexo, SW, 25.299999237060547, 25.299999237060547, 25.299999237060547, 25.299999237060547, 0.0, 2017-07-03
Sodexo, SW, 25.299999237060547, 25.299999237060547, 25.299999237060547, 25.299999237060547, 0.0, 2017-07-05
Sodexo, SW, 25.299999237060547, 25.299999237060547, 25.299999237060547, 25.299999237060547, 0.0, 2017-07-06
Sodexo, SW, 25.299999237060547, 25.299999237060547, 25.299999237060547, 25.299999237060547, 0.0, 2017-07-07
Sodexo, SW, 25.299999237060547, 25.299999237060547, 25.299999237060547, 25.299999237060547, 0.0, 2017-07-10
Sodexo, SW, 25.299999237060547, 25.299999237060547, 25.299999237060547, 25.299999237060547, 0.0, 2017-07-11
Sodexo, SW, 25.299999237060547, 25.299999237060547, 25.299999237060547, 25.299999237060547, 0.0, 2017-07-12
Sodexo, SW, 25.299999237060547, 25.299999237060547, 25.299999237060547, 25.299999237060547, 0.0, 2017-07-13
Sodexo, SW, 25.299999237060547, 25.299999237060547, 25.299999237060547, 25.299999237060547, 0.0, 2017-07-14
Sodexo, SW, 25.299999237060547, 25.299999237060547, 25.299999237060547, 25.299999237060547, 0.0, 2017-07-17
Sodexo, SW, 25.299999237060547, 25.299999237060547, 25.299999237060547, 25.299999237060547, 0.0, 2017-07-18
Sodexo, SW, 25.299999237060547, 25.299999237060547, 25.299999237060547, 25.299999237060547, 0.0, 2017-07-19
Sodexo, SW, 25.299999237060547, 25.299999237060547, 25.299999237060547, 25.299999237060547, 0.0, 2017-07-20
Sodexo, SW, 25.299999237060547, 25.299999237060547, 25.299999237060547, 25.299999237060547, 0.0, 2017-07-21
Sodexo, SW, 25.299999237060547, 25.299999237060547, 25.299999237060547, 25.299999237060547, 0.0, 2017-07-24
Sodexo, SW, 25.299999237060547, 25.299999237060547, 25.299999237060547, 25.299999237060547, 0.0, 2017-07-25
Sodexo, SW, 25.299999237060547, 25.299999237060547, 25.299999237060547, 25.299999237060547, 0.0, 2017-07-26
Sodexo, SW, 25.299999237060547, 25.299999237060547, 25.299999237060547, 25.299999237060547, 0.0, 2017-07-27
Sodexo, SW, 25.299999237060547, 25.299999237060547, 25.299999237060547, 25.299999237060547, 0.0, 2017-07-28
Sodexo, SW, 25.299999237060547, 25.299999237060547, 25.299999237060547, 25.299999237060547, 0.0, 2017-07-31
Sodexo, SW, 25.299999237060547, 25.299999237060547, 25.299999237060547, 25.299999237060547, 0.0, 2017-08-01
Sodexo, SW, 25.299999237060547, 25.299999237060547, 25.299999237060547, 25.299999237060547, 0.0, 2017-08-02
Sodexo, SW, 26.93000030517578, 26.8799991607666, 26.8799991607666, 26.93000030517578, 10.0, 2017-08-03
Sodexo, SW, 26.93000030517578, 26.93000030517578, 26.93000030517578, 26.93000030517578, 0.0, 2017-08-04
Sodexo, SW, 26.93000030517578, 26.93000030517578, 26.93000030517578, 26.93000030517578, 0.0, 2017-08-07
Sodexo, SW, 26.93000030517578, 26.93000030517578, 26.93000030517578, 26.93000030517578, 0.0, 2017-08-09
Sodexo, SW, 26.93000030517578, 26.93000030517578, 26.93000030517578, 26.93000030517578, 0.0, 2017-08-10
Sodexo, SW, 22.280000686645508, 21.90999984741211, 21.90999984741211, 22.280000686645508, 25.0, 2017-08-11
Sodexo, SW, 22.280000686645508, 22.280000686645508, 22.280000686645508, 22.280000686645508, 0.0, 2017-08-14
Sodexo, SW, 22.280000686645508, 22.280000686645508, 22.280000686645508, 22.280000686645508, 0.0, 2017-08-15
Sodexo, SW, 22.280000686645508, 22.280000686645508, 22.280000686645508, 22.280000686645508, 0.0, 2017-08-16
Sodexo, SW, 22.280000686645508, 22.280000686645508, 22.280000686645508, 22.280000686645508, 0.0, 2017-08-17
Sodexo, SW, 22.280000686645508, 22.280000686645508, 22.280000686645508, 22.280000686645508, 0.0, 2017-08-18
Sodexo, SW, 22.280000686645508, 22.280000686645508, 22.280000686645508, 22.280000686645508, 0.0, 2017-08-21
Sodexo, SW, 22.280000686645508, 22.280000686645508, 22.280000686645508, 22.280000686645508, 0.0, 2017-08-22
Sodexo, SW, 22.280000686645508, 22.280000686645508, 22.280000686645508, 22.280000686645508, 0.0, 2017-08-23
Sodexo, SW, 22.280000686645508, 22.280000686645508, 22.280000686645508, 22.280000686645508, 0.0, 2017-08-24
Sodexo, SW, 22.280000686645508, 22.280000686645508, 22.280000686645508, 22.280000686645508, 0.0, 2017-08-25
Sodexo, SW, 22.280000686645508, 22.280000686645508, 22.280000686645508, 22.280000686645508, 0.0, 2017-08-28
Sodexo, SW, 22.280000686645508, 22.280000686645508, 22.280000686645508, 22.280000686645508, 0.0, 2017-08-29
Sodexo, SW, 22.280000686645508, 22.280000686645508, 22.280000686645508, 22.280000686645508, 0.0, 2017-08-30
Sodexo, SW, 22.280000686645508, 22.280000686645508, 22.280000686645508, 22.280000686645508, 0.0, 2017-08-31
Sodexo, SW, 22.280000686645508, 22.280000686645508, 22.280000686645508, 22.280000686645508, 0.0, 2017-09-01
Sodexo, SW, 22.280000686645508, 22.280000686645508, 22.280000686645508, 22.280000686645508, 0.0, 2017-09-05
Sodexo, SW, 22.280000686645508, 22.280000686645508, 22.280000686645508, 22.280000686645508, 0.0, 2017-09-06
Sodexo, SW, 22.280000686645508, 22.280000686645508, 22.280000686645508, 22.280000686645508, 0.0, 2017-09-07
Sodexo, SW, 22.280000686645508, 22.280000686645508, 22.280000686645508, 22.280000686645508, 0.0, 2017-09-08
Sodexo, SW, 22.280000686645508, 22.280000686645508, 22.280000686645508, 22.280000686645508, 0.0, 2017-09-11
Sodexo, SW, 22.280000686645508, 22.280000686645508, 22.280000686645508, 22.280000686645508, 0.0, 2017-09-12
Sodexo, SW, 22.280000686645508, 22.280000686645508, 22.280000686645508, 22.280000686645508, 0.0, 2017-09-13
Sodexo, SW, 22.280000686645508, 22.280000686645508, 22.280000686645508, 22.280000686645508, 0.0, 2017-09-14
Sodexo, SW, 22.280000686645508, 22.280000686645508, 22.280000686645508, 22.280000686645508, 0.0, 2017-09-15
Sodexo, SW, 22.280000686645508, 22.280000686645508, 22.280000686645508, 22.280000686645508, 0.0, 2017-09-18
Sodexo, SW, 22.280000686645508, 22.280000686645508, 22.280000686645508, 22.280000686645508, 0.0, 2017-09-19
Sodexo, SW, 22.280000686645508, 22.280000686645508, 22.280000686645508, 22.280000686645508, 0.0, 2017-09-20
Sodexo, SW, 22.280000686645508, 22.280000686645508, 22.280000686645508, 22.280000686645508, 0.0, 2017-09-21
Sodexo, SW, 22.280000686645508, 22.280000686645508, 22.280000686645508, 22.280000686645508, 0.0, 2017-09-22
Sodexo, SW, 22.280000686645508, 22.280000686645508, 22.280000686645508, 22.280000686645508, 0.0, 2017-09-25
Sodexo, SW, 22.280000686645508, 22.280000686645508, 22.280000686645508, 22.280000686645508, 0.0, 2017-09-26
Sodexo, SW, 22.280000686645508, 22.280000686645508, 22.280000686645508, 22.280000686645508, 0.0, 2017-09-27
Sodexo, SW, 22.280000686645508, 22.280000686645508, 22.280000686645508, 22.280000686645508, 0.0, 2017-09-28
Sodexo, SW, 22.280000686645508, 22.280000686645508, 22.280000686645508, 22.280000686645508, 0.0, 2017-09-29
Sodexo, SW, 22.280000686645508, 22.280000686645508, 22.280000686645508, 22.280000686645508, 0.0, 2017-10-02
Sodexo, SW, 22.280000686645508, 22.280000686645508, 22.280000686645508, 22.280000686645508, 0.0, 2017-10-03
Sodexo, SW, 105.69999694824219, 105.69999694824219, 105.69999694824219, 105.69999694824219, 0.0, 2017-10-04
Sodexo, SW, 22.280000686645508, 22.280000686645508, 22.280000686645508, 22.280000686645508, 0.0, 2017-10-05
Sodexo, SW, 22.280000686645508, 22.280000686645508, 22.280000686645508, 22.280000686645508, 0.0, 2017-10-20
Sodexo, SW, 22.280000686645508, 22.280000686645508, 22.280000686645508, 22.280000686645508, 0.0, 2017-10-23
Sodexo, SW, 22.280000686645508, 22.280000686645508, 22.280000686645508, 22.280000686645508, 0.0, 2017-10-24
Sodexo, SW, 22.280000686645508, 22.280000686645508, 22.280000686645508, 22.280000686645508, 0.0, 2017-10-25
Sodexo, SW, 22.280000686645508, 22.280000686645508, 22.280000686645508, 22.280000686645508, 0.0, 2017-10-26
Sodexo, SW, 22.280000686645508, 22.280000686645508, 22.280000686645508, 22.280000686645508, 0.0, 2017-10-27
Sodexo, SW, 22.280000686645508, 22.280000686645508, 22.280000686645508, 22.280000686645508, 0.0, 2017-10-30
Sodexo, SW, 22.280000686645508, 22.280000686645508, 22.280000686645508, 22.280000686645508, 0.0, 2017-10-31
Sodexo, SW, 22.809999465942383, 22.690000534057617, 22.690000534057617, 22.809999465942383, 409.0, 2017-11-01
Sodexo, SW, 22.760000228881836, 22.760000228881836, 22.760000228881836, 22.760000228881836, 710.0, 2017-11-28
Sodexo, SW, 21.56999969482422, 21.56999969482422, 21.56999969482422, 21.56999969482422, 0.0, 2017-12-18
Sodexo, SW, 21.56999969482422, 21.56999969482422, 21.56999969482422, 21.56999969482422, 0.0, 2017-12-19
Sodexo, SW, 21.56999969482422, 21.56999969482422, 21.56999969482422, 21.56999969482422, 0.0, 2017-12-20
Sodexo, SW, 21.56999969482422, 21.56999969482422, 21.56999969482422, 21.56999969482422, 0.0, 2017-12-21
Sodexo, SW, 21.56999969482422, 21.56999969482422, 21.56999969482422, 21.56999969482422, 0.0, 2017-12-22
Sodexo, SW, 21.56999969482422, 21.56999969482422, 21.56999969482422, 21.56999969482422, 0.0, 2017-12-26
Sodexo, SW, 21.56999969482422, 21.56999969482422, 21.56999969482422, 21.56999969482422, 0.0, 2017-12-27
Sodexo, SW, 21.56999969482422, 21.56999969482422, 21.56999969482422, 21.56999969482422, 0.0, 2017-12-28
Sodexo, SW, 21.56999969482422, 21.56999969482422, 21.56999969482422, 21.56999969482422, 0.0, 2017-12-29
Sodexo, SW, 20.600000381469727, 20.600000381469727, 20.600000381469727, 20.600000381469727, 0.0, 2018-01-19
Sodexo, SW, 20.600000381469727, 20.600000381469727, 20.600000381469727, 20.600000381469727, 0.0, 2018-01-22
Sodexo, SW, 20.600000381469727, 20.600000381469727, 20.600000381469727, 20.600000381469727, 0.0, 2018-01-23
Sodexo, SW, 20.600000381469727, 20.600000381469727, 20.600000381469727, 20.600000381469727, 0.0, 2018-01-24
Sodexo, SW, 20.780000686645508, 20.059999465942383, 20.690000534057617, 20.079999923706055, 103642.0, 2018-02-22
